name,lit,maxspeed,surface,incident_ID
Kath. Friedhof St. Antonius LiebigstraÃŸe,no,100,asphalt,442726
Hofkamp,yes,30,asphalt,443067
Geb. 7,no,100,asphalt,443112
Schliepershäuschen,yes,50,asphalt,443301
Wilhelmring,yes,50,asphalt,443302
Hatzfelder Straße,yes,50,asphalt,443418
Wichlinghauser Markt,yes,30,paved,443419
Kleeblatt,yes,50,asphalt,443420
Schliepershäuschen,yes,50,asphalt,443576
Schliepershäuschen,yes,50,asphalt,443676
Kleingärtnerverein „Naturfreunde“ e.V.,no,50,asphalt,443677
Briller Bach,yes,50,asphalt,443678
Bereitschaftspolizei,yes,50,asphalt,443784
Friedrich-Engels-Allee,yes,50,asphalt,443861
Hofkamp,yes,30,asphalt,443862
Leimbach,no,100,asphalt,443915
Bachstraße,yes,50,asphalt,443944
Berliner Straße,yes,50,asphalt,444010
Am Krieg,,50,gravel,444011
Nevigeser Straße,yes,50,asphalt,444128
Tannenbergstraße,yes,30,asphalt,444129
Ittertaler Straße,no,30,asphalt,444176
Hatzfelder Straße,no,signals,asphalt,444220
Einern,,50,asphalt,444437
Uellendahler Straße,yes,50,asphalt,444438
Fischertal,yes,30,asphalt,444627
Parkstraße,yes,30,asphalt,444630
Düsseldorfer Straße,yes,50,asphalt,444662
Otto-Hausmann-Ring,yes,50,asphalt,444665
Loher Straße,yes,50,asphalt,444720
Wupper Küchen,yes,30,asphalt,444721
Ehemalige Bahnstrecke Loh-Hatzfeld,,50,asphalt,444722
Friedrich-Engels-Allee,yes,50,asphalt,444796
Viehhofstraße,yes,50,asphalt,444797
Nützenberger Straße,yes,50,asphalt,444831
Hochstraße,yes,30,asphalt,444880
Parkplatz Burgholz Ost,,90,asphalt,444916
Gräfrather Straße,yes,50,asphalt,444951
Gasstraße,yes,DE:urban,asphalt,445136
Lichtscheider Straße,,70,asphalt,445137
Lichtscheider Straße,yes,70,asphalt,445138
Ronsdorfer Straße,,70,asphalt,445139
Freund,yes,50,asphalt,445239
Riedel Technologiepark,yes,50,asphalt,445242
Marscheid,no,60,asphalt,445409
Friedrich-Engels-Allee,yes,50,asphalt,445410
Berliner Straße,yes,50,asphalt,445411
Rott,yes,,asphalt,445412
Mirker Bach,yes,30,asphalt,445413
,no,signals,asphalt,445516
Berliner Straße,yes,50,asphalt,445561
Remscheider Straße,,50,asphalt,445765
Briller Bach,yes,30,asphalt,445909
Zur Straße Klippe,yes,50,asphalt,445916
Blombacher Bach,yes,50,asphalt,445987
Gemarker Ufer,yes,50,asphalt,446068
Spiekerstraße,yes,50,asphalt,446185
Höhne,yes,50,asphalt,446187
Vohwinkeler Straße,,50,asphalt,446188
Westfalenweg,,50,asphalt,446426
Hatzfelder Straße,,50,asphalt,446546
Vohwinkeler Straße,no,50,asphalt,446548
Pestalozzistraße,yes,50,asphalt,446636
Düsseldorfer Straße,yes,50,asphalt,446638
Friedrich-Engels-Allee,yes,50,asphalt,446794
Berliner Straße,yes,50,asphalt,446841
Städtisches Altenpflegeheim Am Diek,yes,50,asphalt,446842
Briller Bach,yes,30,asphalt,446845
Ibacher Mühle,,50,asphalt,446846
Nevigeser Straße,yes,50,asphalt,446850
Blombach,no,none,asphalt,447017
Mirker Bach,yes,50,asphalt,447094
Riedel Technologiepark,yes,50,asphalt,447112
Ostersbaum,yes,30,asphalt,447113
KGV Sonnenbad-NÃ¼llerkopp,no,100,asphalt,447165
Shell,yes,50,asphalt,447185
Cinema,yes,50,asphalt,447239
Schwelme,yes,10,asphalt,447312
Schwelme,yes,50,asphalt,447395
Jesinghauser Straße,yes,10,asphalt,447493
Westkotter Straße,yes,40,asphalt,447495
Friedrich-Engels-Allee,yes,50,asphalt,447497
Linde,no,60,asphalt,447560
Heckinghauser Straße,yes,50,asphalt,447562
Berliner Straße,yes,50,asphalt,447735
,,90,asphalt,447737
,no,none,asphalt,447810
Mirker Bach,yes,50,sett,448227
Morianstraße,yes,50,asphalt,448229
Briller Bach,yes,30,asphalt,448230
Viehhofstraße,yes,30,asphalt,448484
Kath. Friedhof St. Antonius LiebigstraÃŸe,no,signals,asphalt,448545
Hochstraße,yes,50,asphalt,448745
Berliner Straße,yes,30,asphalt,449167
Hofkamp,yes,50,asphalt,449352
Carnaper Straße,yes,50,asphalt,449420
Landgericht,yes,50,asphalt,449544
Oberer Grifflenberg,yes,50,asphalt,449546
Ehrenberger Straße,,50,asphalt,449871
Friedrich-Engels-Allee,yes,50,asphalt,449873
Höhne,yes,50,asphalt,449877
Riedel Technologiepark,yes,30,asphalt,449879
Concordienstraße/Rathaus,yes,50,asphalt,449978
Hauptstraße,yes,30,asphalt,449984
Procar,yes,30,asphalt,449986
Schwelme,yes,10,asphalt,450160
Briller Bach,yes,50,asphalt,450162
Fischertal,yes,50,asphalt,450266
Heckinghauser Straße,yes,30,asphalt,450268
Kaiserstraße,yes,50,asphalt,450270
Bundesallee,yes,50,asphalt,450338
Nützenberger Straße,yes,50,asphalt,450531
Vorwerk Autotec GmbH & Co.KG,yes,50,asphalt,450696
Steinweg,yes,30,asphalt,450697
Flutgraben,yes,50,asphalt,450698
Einern,,50,,450699
Dahler Straße,,50,asphalt,450771
Hochstraße,yes,50,asphalt,450772
Spiekerstraße,yes,50,asphalt,450905
,no,signals,asphalt,451046
Märkische Straße,yes,30,asphalt,451101
Sonnborner Eisenbahnbrücke,yes,50,asphalt,451103
WKW,yes,50,asphalt,451204
Sternenberg Nord,yes,50,asphalt,451254
Bergische Universität Wuppertal - Campus Haspel,yes,50,asphalt,451315
,no,none,asphalt,451348
Hans-Böckler-Straße,yes,30,asphalt,451393
Netto Marken-Discount,yes,50,asphalt,451394
,no,100,asphalt,451453
Stepke Kindertagesstätte Zaunkönige,,50,asphalt,451544
Viehhofstraße,yes,50,asphalt,451614
Parkstraße,yes,30,asphalt,451749
Adlerbrücke,yes,50,asphalt,451750
Schwebebahn,yes,50,asphalt,451855
Hatzenbeck,yes,30,asphalt,451856
Werther Brücke,yes,50,paving_stones,451884
Netto Marken-Discount,yes,50,asphalt,451885
Carnaper Straße,yes,40,paving_stones,452036
Fischertal,yes,50,asphalt,452038
Städtisches Altenpflegeheim Am Diek,yes,50,asphalt,452039
Zoo/Stadion,,50,asphalt,452040
Schwebebahn,yes,50,asphalt,452041
Kaiserstraße,yes,50,asphalt,452150
Pina-Bausch-Gesamtschule Vohwinkel,no,signals,asphalt,452209
Mollenkotten,,50,,452250
Städtisches Altenpflegeheim Am Diek,yes,50,asphalt,452252
Schwelmetalbrücke,no,80,asphalt,452354
LohmÃ¼hlenbach,,70,asphalt,452528
Friedrich-Engels-Allee,yes,50,asphalt,452617
Mollenkotten,,50,asphalt,452645
,,90,asphalt,452647
Opphofer Straße,yes,50,asphalt,452746
Cronenberger Straße,yes,50,asphalt,452808
Mirker Bach,yes,30,asphalt,452831
Hahnerberger Straße,yes,30,asphalt,452833
Großsporkert,no,none,asphalt,452913
Waldeckstraße,yes,50,asphalt,452958
Höfen,yes,50,asphalt,453284
Briller Bach,yes,50,asphalt,453286
Netto Marken-Discount,yes,50,asphalt,453287
,no,60,asphalt,453305
Waldeckstraße,yes,50,asphalt,453435
Sonnborner Ufer,yes,50,asphalt,453436
Briller Bach,yes,50,asphalt,453437
Bayer-Platz,yes,50,asphalt,453607
Friedrich-Engels-Allee,yes,50,asphalt,453610
Cronenberger Straße,,50,paved,453612
Uellendahler Straße,yes,50,asphalt,453614
Werléstraße,yes,50,asphalt,453618
Hochstraße,yes,30,asphalt,453620
Bahnstraße,,50,asphalt,453622
Zoo/Stadion,,50,asphalt,453625
Friedrich-Engels-Allee,yes,50,asphalt,453824
Bundesallee,yes,50,asphalt,453827
Kleeblatt,yes,50,asphalt,453829
Hatzenbeck,yes,30,asphalt,453831
Städtisches Altenpflegeheim Am Diek,yes,50,asphalt,453859
Schönebecker Straße,yes,50,asphalt,454044
,no,100,asphalt,454184
Hatzenbeck,yes,30,asphalt,454194
Friedrich-Ebert-Straße,yes,50,asphalt,454200
Klingelholl,yes,50,asphalt,454308
Schliepershäuschen,yes,50,asphalt,454309
Jägerhofstraße,,50,asphalt,454412
,no,signals,asphalt,454478
,no,100,asphalt,454584
Sonnborner Eisenbahnbrücke,yes,50,asphalt,454668
,no,signals,asphalt,454768
Lichtscheider Straße,,70,asphalt,454836
Shell,yes,50,asphalt,454849
,no,none,asphalt,454939
Ibacher Mühle,,100,asphalt,454972
Smart Tec Campus,yes,70,asphalt,455035
Berliner Straße,yes,50,asphalt,455105
Morianstraße,yes,50,paving_stones,455108
Düsseldorfer Straße,,50,asphalt,455118
Hatzfelder StraÃŸe,,50,asphalt,455244
Jesinghauser Straße,yes,50,asphalt,455434
Alter Markt,yes,10,asphalt,455489
Carnaper Straße,yes,50,asphalt,455490
Gathe,yes,50,asphalt,455491
Nevigeser Straße,yes,50,asphalt,455492
Hamid Automobile,,,asphalt,455581
Friedrich-Engels-Allee,yes,50,asphalt,455679
Westkotter Straße,yes,40,asphalt,455825
Uellendahler Straße,yes,50,asphalt,455827
Kaiserstraße,,30,asphalt,456021
Mirker Bach,yes,40,asphalt,456023
Ehemalige Bahnstrecke Loh-Hatzfeld,,50,asphalt,456088
Kreuzstraße,yes,50,,456263
Berliner Straße,yes,50,asphalt,456265
Friedrich-Engels-Allee,yes,50,asphalt,456267
Briller Bach,yes,50,asphalt,456269
Ehemalige Bahnstrecke Loh-Hatzfeld,,50,asphalt,456281
Hofkamp,yes,50,asphalt,456283
Gennebrecker StraÃŸe,no,80,asphalt,456400
Blombach,no,none,asphalt,456401
Parkstraße,yes,30,asphalt,456415
Mühlengraben,yes,50,asphalt,456592
Tiefbunker Döppersberg,yes,50,asphalt,456594
Neuenhaus,yes,50,asphalt,456595
Märkische Straße,no,50,asphalt,456630
Langobardenstraße,yes,30,asphalt,456796
Stepke Kindertagesstätte Zaunkönige,,30,asphalt,456799
Kreuzstraße,yes,50,,456949
Axalta,,50,asphalt,457054
Märkische Straße,yes,50,paving_stones,457058
Friedrich-Ebert-Straße,yes,50,unpaved,457059
Hans-Böckler-Straße,yes,30,asphalt,457135
Friedrich-Engels-Allee,yes,50,asphalt,457320
Schwelmer Straße,no,80,asphalt,457321
Friedrich-Engels-Allee,yes,50,asphalt,457374
Cinema,yes,50,asphalt,457485
Friedrich-Engels-Allee,yes,50,asphalt,457486
Rauentaler Bergstraße,yes,50,asphalt,457790
Nützenberger Straße,yes,50,asphalt,457791
,no,100,asphalt,457868
Carnaper Straße,yes,40,asphalt,457949
Hatzenbeck,yes,30,asphalt,457952
Kaiserstraße,yes,50,asphalt,457993
Gartensiedlung Im Springen e.V.,yes,50,asphalt,458046
Autoverwertung Heinz Lusch GmbH & Co. KG,no,50,paving_stones,458110
Kohlfuhrter BrÃ¼ckenbach,,100,asphalt,458166
Talbrücke Mirker Bach,no,signals,asphalt,458325
Concordienstraße/Rathaus,yes,50,asphalt,458418
Hatzfelder Straße,no,signals,asphalt,458476
Gildenstraße,yes,50,asphalt,458593
Schwebebahn,yes,50,asphalt,458595
Linde,yes,DE:urban,asphalt,458596
Blankstraße,yes,50,asphalt,458597
Morianstraße,yes,50,asphalt,458598
Nevigeser StraÃŸe,no,30,asphalt,458600
Westkotter Straße,yes,30,asphalt,458712
Hatzenbeck,yes,30,asphalt,458713
In den Birken,,50,asphalt,458823
Katernberger Straße,yes,50,asphalt,458975
In den Birken,yes,30,asphalt,459045
Hatzfelder Straße,yes,50,asphalt,459259
Gildenstraße,yes,50,asphalt,459279
Am Timpen,yes,30,asphalt,459545
Hatzfelder Straße,yes,50,asphalt,459546
Friedrich-Ebert-Straße,yes,50,asphalt,459548
Ibacher MÃ¼hle,,,asphalt,459576
Beyenburger Straße,,70,asphalt,459817
Loher Straße,yes,30,asphalt,459818
Hatzfelder StraÃŸe,,50,asphalt,459819
Jesinghauser StraÃŸe,no,70,asphalt,459821
Wilhelmring,yes,50,asphalt,459823
Carnaper Straße,yes,40,paving_stones,459831
Höchsten St. Josef Krankenhaus,yes,50,asphalt,459904
Blombach,no,none,gravel,460003
Hornbach,yes,50,paved,460113
Nevigeser Straße,yes,50,asphalt,460115
Uellendahler Straße,,50,asphalt,460183
Kapellenweg,,30,asphalt,460185
Düsseldorfer Straße,,50,asphalt,460187
Schuhcenter Siemes,yes,40,asphalt,460501
Friedrich-Engels-Allee,yes,50,asphalt,460504
Heckinghauser Straße,yes,50,asphalt,460506
Hofkamp,yes,50,asphalt,460508
Märkische Straße,yes,50,paving_stones,460578
Krutscheider Bach,yes,50,asphalt,460580
Cronenberger Straße,,30,asphalt,460866
In den Birken,,50,asphalt,460909
,no,100,asphalt,461109
Friedrich-Engels-Allee,yes,50,asphalt,461163
Varresbecker Straße,yes,30,asphalt,461164
,,100,asphalt,461217
St. Joseph,yes,30,asphalt,461250
Rottscheidter Bach,no,100,unpaved,461301
TruckFit Reifenhaus,no,50,asphalt,461357
Flutgraben,yes,50,asphalt,461358
Jugendherberge,yes,50,asphalt,461464
Alter Markt,yes,50,paving_stones,461465
,no,100,asphalt,461485
ParkstraÃŸe,yes,50,asphalt,461533
Westkotter Straße,yes,30,asphalt,461534
Hofkamp,yes,50,asphalt,461535
Uellendahler Straße,yes,50,asphalt,461536
,no,80,,461574
Briller Bach,yes,50,asphalt,461635
Höchsten St. Josef Krankenhaus,yes,50,asphalt,461636
Friedrich-Ebert-Straße,yes,50,asphalt,461637
PM Pfennings,yes,50,asphalt,461638
Grundschule Sillerstraße,no,100,asphalt,461671
,no,80,,461748
Hatzfelder StraÃŸe,,50,asphalt,461814
Hahnerberg,,80,asphalt,461815
Sport Park Fitnesscenter,yes,70,asphalt,462033
Cronenberger Straße,yes,50,paved,462036
Am Clef,yes,50,asphalt,462090
Bergische Universität Wuppertal - Campus Haspel,yes,50,asphalt,462092
Cronenberger Straße,yes,50,asphalt,462095
Friedrich-Engels-Allee,yes,50,asphalt,462098
Mirker Bach,yes,50,asphalt,462165
Bachstraße,yes,50,asphalt,462270
Talstraße,no,100,asphalt,462539
Möbelhaus Welteke,yes,50,asphalt,462701
Westkotter Straße,yes,50,asphalt,462703
Schwelmer Straße,,50,asphalt,462737
Friedrich-Ebert-Straße,yes,50,asphalt,462739
,no,80,asphalt,462813
Rudolfstraße,yes,50,asphalt,462928
Dönberger Straße,yes,,asphalt,462929
Hardenberger Hof,,50,asphalt,463179
Karlstraße,yes,50,sett,463181
Landgericht,yes,50,asphalt,463183
Kleeblatt,yes,50,asphalt,463185
Vor der Beule,yes,50,paved,463235
Hans-Böckler-Straße,yes,50,asphalt,463237
Cronenberger Straße,yes,50,asphalt,463238
Schwebebahn,yes,50,asphalt,463390
Märkische Straße,yes,50,asphalt,463573
Oberer Grifflenberg,yes,50,asphalt,463575
Gorn,yes,50,asphalt,463578
Obere Lichtenplatzer Straße,yes,50,asphalt,463588
Shell,,30,asphalt,463589
Obere Lichtenplatzer StraÃŸe,yes,50,paved,463747
Heidter Berg,yes,50,asphalt,463767
Mittelstandspark VohRang,,50,asphalt,463846
Obenrohleder,,50,asphalt,463847
Mirker Bach,yes,40,asphalt,463986
,no,100,asphalt,464231
Gewerbegebiet Clausen,no,signals,asphalt,464322
J채gerhaus,,60,asphalt,464379
Friedrich-Engels-Allee,yes,50,asphalt,464380
Schwebebahn,,50,asphalt,464381
Nevigeser Straße,yes,50,asphalt,464382
,no,signals,asphalt,464424
Parkstraße,yes,30,asphalt,464491
Oberbergische StraÃŸe,yes,50,,464492
Obere Lichtenplatzer StraÃŸe,,50,asphalt,464493
Horather Straße,,50,asphalt,464495
Alte Ronsdorfer Straße,yes,70,asphalt,464523
Wittener Straße,yes,50,asphalt,464582
GartenglÃ¼ck Linde,yes,60,asphalt,464701
Steinweg,yes,40,asphalt,464782
,no,100,asphalt,464821
Clausen,no,signals,asphalt,464907
Fischertal,yes,50,paved,464922
Friedrich-Engels-Allee,yes,50,asphalt,464927
Autoverwertung Heinz Lusch GmbH & Co. KG,yes,50,paved,464937
Steinbecker Meile,yes,50,asphalt,464986
Briller Bach,yes,30,asphalt,464989
Oberbergische StraÃŸe,yes,50,,465118
Briller Bach,yes,50,asphalt,465225
Brändströmstraße,yes,100,asphalt,465380
Wichlinghauser Straße,yes,30,asphalt,465541
Briller Bach,yes,30,paving_stones,465553
Nevigeser Straße,,50,asphalt,465555
Erbschlöer Straße,yes,50,asphalt,465730
Hahnerberger Straße,yes,50,asphalt,465732
,no,signals,asphalt,465792
Vockendahl,yes,30,asphalt,465992
Dachterasse,,50,asphalt,466019
Düsseldorfer Straße,,50,asphalt,466021
Steinweg,yes,40,asphalt,466028
Netto Marken-Discount,yes,50,asphalt,466030
Nevigeser Straße,yes,50,asphalt,466067
Sambatrasse,no,80,asphalt,466163
Friedrich-Engels-Allee,yes,50,asphalt,466222
Friedrich-Ebert-Straße,yes,50,asphalt,466283
Briller Bach,yes,50,asphalt,466369
Untere Lichtenplatzer Straße,yes,50,asphalt,466448
"Ulle-Hees-Schule, Zweigstelle",yes,50,asphalt,466450
Klingelholl,yes,30,asphalt,466534
Höhne,yes,50,paving_stones,466535
Heckinghauser Straße,yes,30,asphalt,466678
Friedrich-Engels-Allee,yes,50,asphalt,466765
Steinweg,yes,40,asphalt,466766
Berliner Straße,yes,50,asphalt,466893
KlÃ¤ranlage Kohlfurth,,50,asphalt,467038
PM Pfennings,yes,50,asphalt,467040
In der Beek,yes,30,gravel,467258
Friedrich-Engels-Allee,yes,50,asphalt,467428
Wupperbrücke,yes,50,asphalt,467665
Höhne,yes,50,paving_stones,467668
Mirker Bach,yes,30,asphalt,467671
Oberbergische StraÃŸe,yes,50,,467761
Cronenfeld Sambatrasse,no,50,compacted,467762
Friedrich-Engels-Allee,yes,50,asphalt,467870
Felderbach,,30,,467871
Talstraße,yes,30,asphalt,467872
Morianstraße,yes,50,asphalt,467873
Blombach,no,none,asphalt,467936
Schwebebahn,yes,50,asphalt,468106
pitstop,yes,50,paving_stones,468122
Auf der Bleiche,yes,30,asphalt,468159
Viadukt Westkotter Straße,yes,30,asphalt,468242
Briller Schloss,yes,50,asphalt,468265
Briller Bach,yes,50,asphalt,468320
Oberer Grifflenberg,yes,50,asphalt,468432
Haspeler Brücke,yes,50,asphalt,468492
Märkische Straße,,50,asphalt,468568
Friedrich-Engels-Allee,yes,50,asphalt,468700
Hans-Dietrich-Genscher-Platz,yes,50,asphalt,468701
Deutscher Ring,yes,50,asphalt,468737
Steinweg,yes,30,asphalt,468835
Kath. Friedhof St. Antonius LiebigstraÃŸe,no,signals,asphalt,468836
Höhne,yes,50,paving_stones,468889
Hahnerberger Straße,yes,50,asphalt,468890
Friedrich-Ebert-Straße,yes,50,asphalt,468891
Kleeblatt,yes,50,asphalt,468979
Kath. Friedhof St. Antonius LiebigstraÃŸe,no,signals,asphalt,469074
Landgericht,yes,50,asphalt,469133
Lüttringhauser Straße,yes,DE:urban,asphalt,469397
Gesellschaftshaus Union,yes,50,asphalt,469399
Briller Bach,yes,50,asphalt,469402
,no,100,asphalt,469512
Nüller Straße,yes,50,asphalt,469660
Westfalenweg,,50,asphalt,469661
Freund,yes,50,paved,469663
Blombachtalbrücke,no,none,asphalt,469666
Schützenstraße/WSW,yes,50,asphalt,469668
Öhder Straße,no,none,asphalt,469721
Gesellschaftshaus Union,yes,50,asphalt,470022
Höhne,yes,50,asphalt,470025
Schwebebahn,yes,30,sett,470027
Berliner Straße,yes,50,asphalt,470028
Briller Bach,yes,40,asphalt,470071
Friedrich-Engels-Allee,yes,50,asphalt,470291
Jägerhofstraße,yes,,asphalt,470292
Adlerbrücke,yes,50,asphalt,470389
Vockendahl,yes,30,asphalt,470463
,no,100,asphalt,470572
Görresweg,yes,50,asphalt,470603
,no,none,asphalt,470649
Friedrich-Engels-Allee,yes,50,asphalt,470809
ParkstraÃŸe,yes,,asphalt,470811
Hochstraße,yes,50,asphalt,470968
Höhne,yes,50,paving_stones,471059
Kohlfurther Straße,,30,asphalt,471062
Procar,yes,30,asphalt,471064
Waldeckstraße,yes,50,asphalt,471209
Nevigeser Straße,yes,50,asphalt,471210
Varresbecker Straße,no,100,asphalt,471444
Hatzenbeck,yes,30,asphalt,471479
Neuenteich,yes,50,asphalt,471566
,no,100,asphalt,471608
Berliner Straße,yes,50,asphalt,471682
Bromberger Straße/WSW,yes,50,asphalt,471683
Berliner Straße,yes,50,asphalt,471687
Döppersberg,yes,50,paving_stones,471757
Leyerbach,yes,30,asphalt,471825
Uellendahler Straße,,50,asphalt,471827
Barmenia Versicherungen a. G.,yes,30,asphalt,471828
Gathe,yes,50,asphalt,471935
Sonnborner Ufer,yes,50,asphalt,471937
"Walter Gott, ICE Factory",,70,asphalt,472010
Wahlert,,100,asphalt,472053
Berliner Straße,yes,50,asphalt,472115
Hofkamp,yes,50,asphalt,472174
Westfalenweg,,50,asphalt,472339
Berliner Straße,yes,50,asphalt,472385
Shell,yes,50,asphalt,472472
Friedrich-Ebert-Straße,yes,50,asphalt,472536
Nordstraße,yes,30,asphalt,472661
Wasserstraße,yes,50,asphalt,472901
Flutgraben,yes,50,asphalt,472902
Kohlfuhrter BrÃ¼ckenbach,,100,asphalt,472903
Briller Bach,yes,50,asphalt,472985
Friedrich-Engels-Allee,yes,50,asphalt,473150
Nordstraße,yes,30,asphalt,473151
Parkstraße,yes,30,asphalt,473270
,no,signals,asphalt,473356
Berliner Straße,yes,30,asphalt,473392
Linde,yes,DE:urban,asphalt,473432
Berliner Straße,yes,50,asphalt,473834
Spiekerstraße,yes,50,asphalt,473837
Hatzfelder Straße,yes,50,asphalt,473838
Linde,no,60,paved,474198
Zoo/Stadion,,50,asphalt,474200
Briller Bach,yes,30,asphalt,474220
Procar,yes,30,asphalt,474457
Berliner Straße,yes,50,asphalt,474745
Parkstraße,yes,30,asphalt,474855
Mirker Bach,yes,30,asphalt,474856
,no,100,asphalt,474899
,no,signals,asphalt,474940
Untere Lichtenplatzer Straße,yes,50,asphalt,475023
Friedrich-Engels-Allee,yes,50,asphalt,475024
Werbsiepen,,60,asphalt,475175
Berliner StraÃŸe,yes,50,asphalt,475267
Hochstraße,yes,30,asphalt,475342
Nevigeser Straße,yes,50,asphalt,475519
Carnaper Straße,yes,40,paving_stones,475532
ParkstraÃŸe,,50,asphalt,475533
Petrus-Krankenhaus,yes,40,asphalt,475643
Worth,,50,,475644
,,,asphalt,475960
Carnaper Straße,yes,50,asphalt,476194
Heckinghauser Straße,yes,100,asphalt,476257
,no,signals,asphalt,476492
Gewerbegebiet Clausen,no,signals,asphalt,476494
Hatzfelder Straße,,30,asphalt,476587
Marbodstraße,yes,30,asphalt,476588
Hans-Böckler-Straße,yes,30,asphalt,476597
Hofkamp,yes,30,asphalt,476598
Hans-Böckler-Straße,yes,30,asphalt,476599
In den Birken,yes,50,asphalt,476601
Hochstraße,yes,50,asphalt,476819
Parkstraße,yes,50,asphalt,476848
Briller Bach,yes,50,asphalt,476851
Netto Marken-Discount,yes,50,asphalt,476852
Kaiserstraße,yes,50,asphalt,477043
Shell,yes,50,asphalt,477079
PENNY,yes,30,asphalt,477081
Briller Bach,yes,50,asphalt,477084
Dillenburg,yes,30,paved,477207
Kluse,yes,50,asphalt,477209
Alter Markt,yes,10,asphalt,477492
Neviandtstraße,yes,50,asphalt,477493
Kaiserstraße,,50,asphalt,477495
Sternenberg,yes,30,asphalt,477513
Solinger Straße,,30,paved,477515
Mirker Bach,yes,40,asphalt,477800
Hauptstraße,no,10,asphalt,477873
Riedel Technologiepark,yes,50,asphalt,477957
Blombacher Bach,,30,asphalt,478007
Uellendahler Straße,yes,30,asphalt,478011
Werther Brücke,yes,50,paving_stones,478059
Obere Lichtenplatzer StraÃŸe,,50,gravel,478060
,,90,,478080
Neue Nordstraße,yes,30,asphalt,579767
RÃ¼lke & Schmidt,,50,asphalt,579930
Neuenteich,yes,50,asphalt,579934
Berliner Straße,yes,50,asphalt,579987
Immermannstraße,yes,50,asphalt,579994
Kemmannstraße,,30,paved,580002
Overmann GmbH,,50,asphalt,580094
Kleingartenverein e.V. Uellendahl,yes,50,asphalt,580171
Sonntagstraße,yes,30,paved,580200
Carl Th. Hackenberg,yes,30,asphalt,580277
Sonnborner Ufer,yes,50,asphalt,580347
GGS Königshöher Weg,yes,30,asphalt,580348
Agnes-Miegel-Straße,yes,30,asphalt,580407
Stormstraße,yes,30,asphalt,580408
Steinhauser Straße,no,30,asphalt,580552
Steinbecker Meile,yes,50,asphalt,580660
Kaiserstraße,yes,30,asphalt,580661
Steinbecker Meile,yes,50,asphalt,580662
Wittener Straße,yes,30,asphalt,580721
Staubenthaler Straße,yes,DE:urban,asphalt,580722
Otto-Hausmann-Ring,yes,50,asphalt,580723
Freie evangelische Gemeinde Wuppertal-Elberfeld,yes,30,asphalt,580724
Uellendahler Straße,yes,50,asphalt,580725
Bayer Sportpark,,10,asphalt,580875
Wichlinghauser Markt,yes,30,paved,580939
Mathildenstraße,yes,30,asphalt,580990
Nützenberger Straße,yes,30,asphalt,581212
Morianstraße,yes,50,asphalt,581213
Thorner Straße,yes,30,asphalt,581255
Am Kalkofen,yes,,asphalt,581299
Hermannstraße,yes,,asphalt,581394
Hans-Dietrich-Genscher-Platz,yes,50,asphalt,581395
Carnapsplatz,yes,30,asphalt,581396
Kriegerheimstraße,yes,30,asphalt,581397
Cronenberger Straße,,30,asphalt,581425
Deweerthstraße,yes,30,asphalt,581457
Westring,yes,30,asphalt,581458
Hochstraße,yes,50,asphalt,581480
Von-der-Goltz-Straße,yes,40,asphalt,581481
Schulweg,,30,asphalt,581483
Schmiedestraße,yes,50,asphalt,581582
Erich-vom-Baur-Treppe,no,50,asphalt,581683
Grillparzerweg,yes,50,asphalt,581760
Immermannstraße,yes,50,asphalt,581761
Stahlwille,yes,50,asphalt,581762
Winklerstraße,yes,,asphalt,581781
Lenneper Straße,yes,,asphalt,581848
Mollenkotten,,50,asphalt,581849
Haeselerstraße,yes,40,asphalt,581851
Siegesstraße,yes,50,asphalt,582023
Schwelmetalbrücke,yes,30,asphalt,582103
Städt. Kindertagesstätte Ackerstraße,yes,,asphalt,582202
Cinema,yes,50,asphalt,582203
Bendahler Straße,yes,50,asphalt,582506
Folienverpackungen Herwarth Jackstädt GmbH,,30,asphalt,582507
Schwelme,yes,50,asphalt,582587
Otto-Hausmann-Ring,yes,50,asphalt,582668
Schwarzbachviadukt,yes,50,asphalt,582744
Friedrich-Ebert-Straße,yes,50,asphalt,582745
Fresestraße,yes,30,asphalt,582746
Heidter Berg,yes,50,asphalt,582758
PM Pfennings,yes,50,asphalt,582812
Markomannenstraße,yes,30,asphalt,582813
Nordstraße,yes,30,asphalt,582814
Kohlfurther Straße,,30,paved,582815
SDE 21/22 Solar Decathlon Campus,,,,582853
Feuer- und Rettungswache 2,yes,50,paving_stones,582939
Westkotter Straße,yes,30,paved,582985
Sonnborner Ufer,yes,50,asphalt,582986
Kleiner Werth,yes,30,asphalt,583129
Hochstraße,yes,30,asphalt,583130
Kleingartenverein e.V. Uellendahl,yes,50,asphalt,583131
Ronsdorfer Straße,yes,60,asphalt,583132
Briller Bach,yes,30,asphalt,583196
Haaner StraÃŸe,yes,50,asphalt,583250
Eichenstraße,yes,30,asphalt,583390
Märkische Straße,yes,50,asphalt,583449
Pappelstraße,yes,30,asphalt,583450
Jesinghauser Straße,yes,50,asphalt,583501
Heckinghauser Straße,yes,50,asphalt,583833
Nächstebrecker Straße,no,50,paving_stones,583834
Küllenhahner Straße,yes,10,paved,583835
Mirker Bach,yes,20,asphalt,584028
ALDI Nord,yes,50,asphalt,584107
Cronenhof,,30,paved,584108
Am Kraftwerk,,30,asphalt,584183
Opphofer Straße,no,signals,asphalt,584251
Kasinostraße,yes,30,asphalt,584395
Hofkamp,yes,30,asphalt,584396
Gaußstraße,yes,50,asphalt,584458
Cartal,yes,50,asphalt,584532
Hatzfelder Straße,,50,asphalt,584533
Kinderspielplatz Garterlaie,yes,30,asphalt,584569
SimonsstraÃŸe,yes,50,asphalt,584570
Kasinostraße,yes,50,asphalt,584632
Mühlengraben,yes,50,asphalt,584683
BG Bau,yes,30,asphalt,584790
Am Ehrenmal,,30,asphalt,584791
Klotzbahn,yes,,paving_stones,585082
Westkotter Straße,yes,40,asphalt,585137
Gewerbegebiet Sonnborn,yes,50,asphalt,585194
Kleiner Werth,yes,30,asphalt,585251
Kliniken St. Antonius - Petrus Krankenhaus,yes,30,asphalt,585306
Heckinghauser Straße,yes,30,asphalt,585371
Bornscheuerstraße,,30,,585416
Im Johannistal,yes,30,paved,585451
Freie Werkstatt,,30,asphalt,585498
Rheinische Strecke,yes,30,asphalt,585554
Jesinghauser Straße,no,70,asphalt,585618
Tesche,,30,asphalt,585619
Wupper Kontor,yes,30,asphalt,585678
Briller Bach,yes,50,asphalt,585736
Rheinstraße,yes,30,asphalt,585737
Kasinostraße,yes,50,asphalt,585895
Mastweg,,,asphalt,585967
Vohwinkeler Straße,no,30,asphalt,585968
Steinweg,yes,30,asphalt,586052
UnterdÃ¶rnen,yes,10,paving_stones,586054
Roseggerstraße,yes,30,asphalt,586055
Hesselnberg,yes,50,asphalt,586056
Osterholzer Straße,,,,586097
Oberbergische Straße,yes,50,asphalt,586223
Dönberger Straße,yes,50,asphalt,586284
Westkotter Straße,yes,40,asphalt,586421
Wittensteinstraße,yes,130,asphalt,586569
FAG Schaeffler,,,,586570
Eichenstraße,yes,30,asphalt,586726
Grundschule Hesselnberg,yes,50,asphalt,586727
Albertstraße,yes,30,asphalt,586728
Viadukt Wichlinghauser Straße,yes,50,asphalt,586729
Liebigstraße,yes,30,asphalt,586752
Wittensteinstraße,yes,50,asphalt,586899
Kath.-Apostolische Gemeinde Wuppertal,yes,50,asphalt,587052
Krühbusch,yes,30,asphalt,587053
Haspeler Brücke,yes,50,asphalt,587054
Grundschule am Hombüchel,yes,30,asphalt,587174
Dieckhoff Textilsysteme,yes,30,asphalt,587241
Oberbergische Straße,yes,70,asphalt,587318
Hebbecke,,30,asphalt,587319
Petrus-Krankenhaus,yes,30,asphalt,587320
Viehhofstraße,yes,30,asphalt,587321
Mirker Bach,yes,50,asphalt,587385
Eintrachtstraße,yes,30,asphalt,587536
Achterbergweg,,50,asphalt,587627
Lothringer Straße,yes,30,asphalt,587747
Kipdorf,yes,50,asphalt,587748
Certoplast,yes,50,asphalt,587820
SWAG Autoteile,yes,50,,587882
Westmetall GmbH & Co. KG,yes,50,asphalt,588042
Spiekerstraße,yes,50,asphalt,588043
Große Flurstraße,yes,30,asphalt,588116
Theishahner Straße,yes,,asphalt,588175
Krühbusch,yes,30,asphalt,588323
Am Freudenberg,,100,asphalt,588434
Mühlenweg,yes,30,asphalt,588579
Rheinische Straße,yes,50,asphalt,588580
Grotenbecker Straße,yes,50,asphalt,588581
An der Blutfinke,yes,30,asphalt,588687
Berliner Straße,yes,50,asphalt,588781
Morianstraße,yes,50,asphalt,588782
Mirker Bach,yes,30,asphalt,588869
Wittensteinstraße,yes,50,asphalt,588959
Carnaper Straße,yes,30,asphalt,589030
Friedrich-Ebert-Straße,yes,50,asphalt,589134
Theishahner Straße,yes,,asphalt,589135
Bogenstraße,yes,30,paved,589283
Berghauser Straße,yes,50,asphalt,589284
Dönberger Straße,yes,50,asphalt,589285
Wartburgstraße,yes,50,asphalt,589407
Mühlenweg,yes,30,asphalt,589554
Nüller Bach,yes,30,asphalt,589565
Emilienstraße,yes,30,paving_stones,589753
Mastweg,,30,asphalt,590025
Frankenstraße,yes,30,asphalt,590026
Service-Wohnen Am Springer Bach,yes,30,asphalt,590130
Wupper,,30,,590261
Freiheitstraße,yes,50,asphalt,590348
Kohlenstraße,yes,50,asphalt,590413
Wittener Straße,yes,50,asphalt,590414
Siegesstraße,yes,100,asphalt,590415
Weinberg,yes,50,asphalt,590416
Berliner Straße,yes,50,asphalt,590566
Nützenberger Straße,yes,50,asphalt,590567
OBI-Parkplatz,,,asphalt,590668
Staasstraße,yes,30,asphalt,590788
Friedrich-Ebert-Straße,yes,30,asphalt,590790
Ehrenhainstraße,yes,30,asphalt,590791
Kaiserstraße,,30,asphalt,590873
Gewerbeschulstraße,yes,30,asphalt,590983
Shell,,,asphalt,590985
Berghauser Straße,,50,asphalt,590986
Talbrücke Mirker Bach,no,50,asphalt,590987
Luhnsfelder Höhe,yes,30,asphalt,591019
Sporthalle Rudolf-Steiner-Schule,yes,,paving_stones,591103
Seniorenresidenz,yes,30,paved,591104
Remigiuspark,,,asphalt,591105
Wupper Kontor,yes,30,asphalt,591106
Westkotter Straße,yes,50,asphalt,591297
Lentzestraße,yes,30,asphalt,591378
Freiwillige Feuerwehr Wuppertal - LÃ¶schzug Sonnborn,yes,50,asphalt,591379
Breslauer Straße,yes,50,paving_stones,591576
Westring,,30,asphalt,591649
Krühbusch,yes,30,asphalt,591897
Hainstraße,,50,unpaved,592093
Lienhardplatz,yes,50,asphalt,592094
Junkersbeck,no,30,asphalt,592157
Jesinghauser Straße,no,70,asphalt,592160
Höhne,yes,50,asphalt,592165
Hatzfelder StraÃŸe,yes,50,asphalt,592175
Schwelmestollen,,50,asphalt,592375
An der Piep,,30,,592376
AWO Kindertagesstätte Röttgen in Wuppertal,,50,,592436
Schuchardstraße,yes,,paving_stones,592498
Leyerbach,yes,30,asphalt,592822
Wichlinghauser Markt,yes,50,asphalt,593020
Kreuzstraße,yes,30,asphalt,593076
Johanniter Rettungswache Wuppertal-Unterbarmen,yes,,asphalt,593077
Hünefeldstraße,yes,50,asphalt,593183
Hauptschule Barmen-Südwest,yes,30,asphalt,593274
Steinbecker Meile,yes,50,asphalt,593388
Hatzfelder StraÃŸe,,50,asphalt,593512
Werléstraße,yes,50,asphalt,593513
Rathausstraße,,50,asphalt,593514
Oberer Grifflenberg,yes,50,asphalt,593663
Freiligrathstraße,yes,30,paving_stones,593668
Rott,yes,30,asphalt,593669
Stahlsberg,,30,,593670
Gewerbegebiet Sonnborn,yes,50,asphalt,593671
Nordbahntrasse,yes,30,asphalt,593743
Schwarzbach,yes,50,asphalt,593756
Weidenstraße,yes,30,asphalt,593813
Klingelholl,yes,30,asphalt,593913
Katholischer Friedhof Hochstraße,yes,30,asphalt,593914
Westkotter Straße,yes,40,asphalt,593985
Bachstraße,yes,50,asphalt,594050
Klingelholl,yes,50,asphalt,594133
Haaner StraÃŸe,yes,50,asphalt,594134
DRK Katastrophenschutzzentrum,yes,50,asphalt,594302
Tütersburg,,50,asphalt,594303
Wichlinghauser Straße,yes,30,asphalt,594304
An der alten Strecke,no,30,asphalt,594383
Zeughausstraße,yes,30,asphalt,594384
Steinweg,yes,40,asphalt,594444
Carnaper Straße,,40,asphalt,594445
Schloßstraße,yes,50,asphalt,594505
Dahler Berg,yes,30,asphalt,594671
Sambatrasse,no,,asphalt,594672
Handelstraße,yes,50,asphalt,594748
Recyclinghof Widukindstraße,yes,50,asphalt,594749
Südbrücke,yes,50,asphalt,594750
Fischertal,yes,50,asphalt,594814
Hebbelstraße,yes,30,asphalt,594815
Kaiser-Wilhelm-Hain,yes,30,asphalt,594816
Philippuskirche,,30,asphalt,594817
Uellendahler Straße,yes,50,asphalt,594951
Mühlengraben,yes,30,asphalt,595279
Rutenbecker Weg,no,50,asphalt,595280
Flutgraben,yes,50,asphalt,595317
Schwarzbach,yes,30,asphalt,595366
Evangelische Altenwohnstätte Zeughausstraße,yes,50,asphalt,595467
Lenneper Straße,yes,,asphalt,595519
Springer Bach,yes,50,asphalt,595588
An den Bleicherteichen,yes,30,paving_stones,595589
Kohlenstraße,yes,50,asphalt,595727
An der alten Strecke,no,30,asphalt,595728
Wichlinghauser Markt,yes,50,asphalt,595729
Küllenhahner Straße,,30,paved,595730
Hans-Dietrich-Genscher-Platz,yes,,asphalt,596179
Freiwillige Feuerwehr Wuppertal - Löschzug Sonnborn,yes,30,asphalt,596226
Schwarzer Weg,,30,asphalt,596240
Heckinghauser Straße,yes,30,asphalt,596471
Hartmannufer,yes,50,asphalt,596472
Kaufmännische Schulen Ost (Berufskolleg Barmen Europaschule),yes,50,asphalt,596743
Haspeler Schulstraße,yes,30,asphalt,596839
Max-Horkheimer-Straße,yes,50,asphalt,597094
Basika - Magus GmbH,yes,50,asphalt,597095
Wittensteinstraße,yes,50,asphalt,597155
Wittener Straße,yes,30,asphalt,597305
Westring,yes,50,asphalt,597306
Unterkirchen,yes,50,asphalt,597427
Westfalenweg,yes,50,asphalt,597545
Overmann GmbH,,50,asphalt,597604
Schenkstraße,yes,30,asphalt,597605
Paul-Gerhardt-Straße,,50,asphalt,597606
Otto-Hausmann-Ring,yes,50,asphalt,597607
Obere Lichtenplatzer Straße,yes,50,asphalt,597763
Hopfenstraße,yes,50,asphalt,597939
Yorckstraße,yes,50,asphalt,597987
Nützenberger Straße,yes,30,asphalt,597988
Mühlengraben,yes,50,asphalt,598060
Nützenberger Straße,yes,50,asphalt,598061
Ostersbaum,yes,30,asphalt,598141
Max-Horkheimer-Straße,yes,50,asphalt,598143
Gaußstraße,yes,50,paving_stones,598228
Ursula-von-Reibnitz-Straße,yes,,asphalt,598442
Penny,yes,30,asphalt,598443
Normannenstraße,yes,30,asphalt,598445
Hatzenbeck,yes,50,asphalt,598446
Mühle,,30,,598447
Alter Markt / Fischertal,,30,asphalt,598527
Duisbergstraße,,,,598528
Bundesallee,yes,50,asphalt,598529
Vogelsauer Treppe,yes,50,asphalt,598596
Briller Bach,yes,30,asphalt,598697
Schönebecker Straße,yes,50,asphalt,598792
Märkische Straße,yes,30,asphalt,598793
Murmelbach,,30,asphalt,598862
USCars24 - Heimann & Thiel GbR,,50,asphalt,598904
Kipdorf,yes,50,asphalt,598984
Bromberger Straße,yes,50,asphalt,599020
Elias-Eller-Straße,yes,30,asphalt,599031
Schliemannweg,yes,30,asphalt,599108
Ostersbaum,yes,50,asphalt,599445
Uellendahler Straße,yes,50,asphalt,599446
Hatzfelder Straße,,50,asphalt,599447
Germanenstraße,yes,30,asphalt,599593
Kinderspielplatz Garterlaie,yes,30,asphalt,599594
Sternstraße,yes,30,asphalt,599650
Paradestraße,yes,30,asphalt,599651
Leimbacher Straße,yes,50,asphalt,599805
Linienstraße,yes,30,asphalt,599970
Obere Sehlhofstraße,yes,,asphalt,600024
Rödiger Straße,yes,30,paved,600038
Fernblick,yes,50,asphalt,600039
Holzschneiderstraße,,50,asphalt,600040
Scharpenacker Weg,yes,30,asphalt,600114
Friedrich-Engels-Allee,yes,50,asphalt,600115
Gruitener Straße,yes,30,asphalt,600247
Stahlsberg,,30,asphalt,600311
Berliner Straße,yes,50,asphalt,600337
Westkotter Straße,yes,50,asphalt,600338
Westring,,30,asphalt,600339
Sedanstraße,yes,30,asphalt,600356
Schulweg,,30,asphalt,600431
Friedrichstraße,yes,20,paving_stones,600433
Evangelische Tageseinrichtung,yes,30,asphalt,600434
Procar,yes,30,asphalt,600532
Bisges GmbH,no,60,asphalt,600533
Hubertusallee,yes,30,asphalt,600534
Kleeblatt,yes,30,asphalt,600535
Elias-Eller-Straße,yes,30,asphalt,600684
Haeselerstraße,yes,40,asphalt,600774
Berghauser Straße,yes,50,asphalt,600844
Briller Bach,yes,50,asphalt,600866
Hauptschule Barmen-Südwest,yes,30,asphalt,600914
Aue,yes,50,asphalt,600915
Nordbahntrasse,,30,asphalt,601039
Domagkweg,,30,asphalt,601040
Haaner StraÃŸe,yes,50,asphalt,601041
Siegesstraße,yes,100,asphalt,601150
Mäuerchen,yes,30,asphalt,601151
Siegfriedstraße,yes,30,asphalt,601152
Kinderspielplatz Garterlaie,yes,30,asphalt,601153
Hauptschule Barmen-Südwest,yes,30,asphalt,601240
Besucher-Parkhaus,,,,601242
Hagener Straße,yes,30,asphalt,601469
Wettinerstraße,yes,30,asphalt,601470
Parkplatz Kleingartenanlage,yes,50,paved,601472
Hainstraße,,50,,601473
Flutgraben,yes,50,asphalt,601583
Krühbusch,yes,30,asphalt,601589
"Walter Gott, ICE Factory",,70,asphalt,601592
Görlitzer Platz,yes,30,asphalt,601640
Märkische Straße,yes,30,asphalt,601809
Untere Lichtenplatzer Straße,yes,50,asphalt,601857
Unterdörnen,yes,50,asphalt,601888
Richard-Vogel-Platz,yes,50,asphalt,601889
Friedrich-Engels-Allee,yes,50,asphalt,900700
Morianstraße,yes,50,asphalt,900701
Ehrenberger Straße,no,30,asphalt,900724
Petrus-Krankenhaus,yes,40,asphalt,900987
Clausenhof,yes,30,asphalt,901075
Alter Markt,yes,10,asphalt,901103
Berliner Straße,yes,50,asphalt,901146
Friedrich-Engels-Allee,yes,50,asphalt,901147
Friedrich-Engels-Allee,yes,50,asphalt,901282
Gabelpunkt,yes,50,asphalt,901293
Kaiserstraße,yes,50,asphalt,901305
Düsseldorfer Straße,yes,50,asphalt,901484
Varresbecker Straße,yes,50,asphalt,901569
Gewerbegebiet Clausen,no,signals,asphalt,901747
Werléstraße,yes,50,asphalt,901992
Alter Markt,yes,10,asphalt,902136
Westkotter Straße,yes,30,asphalt,902140
,no,signals,ground,902247
Friedrich-Engels-Allee,yes,50,asphalt,902256
Steinbecker Meile,yes,50,asphalt,902259
Städtische Tageseinrichtung für Kinder Hauptstraße,yes,50,asphalt,902264
Höfen,,50,asphalt,902339
Beyenburger StraÃŸe,,30,asphalt,902503
Flutgraben,yes,50,asphalt,902580
Briller Bach,no,signals,asphalt,902592
Werbsiepen,no,none,asphalt,902612
,,70,asphalt,902630
Schmiedestraße,yes,50,asphalt,902642
,no,100,asphalt,902736
Morianstraße,yes,50,paving_stones,902784
,no,100,asphalt,902792
Werléstraße,yes,50,asphalt,902809
Höfen,yes,50,asphalt,902950
Sanderstraße,yes,50,asphalt,902962
Blombach,no,none,asphalt,902983
Heckinghauser Straße,yes,100,asphalt,903124
Oberbergische Straße,yes,50,asphalt,903130
,no,none,asphalt,903263
Heckinghauser Straße,yes,50,asphalt,903330
,no,100,asphalt,903395
Wichlinghauser Straße,yes,30,asphalt,903430
Friedenshort,yes,50,asphalt,903434
Am Höfchen,,50,asphalt,903436
Nordpark,no,100,asphalt,903575
Dorner Weg,no,100,asphalt,903582
Gathe,yes,50,asphalt,903604
Schützenstraße,yes,50,asphalt,903659
Hofkamp,yes,30,paving_stones,903697
Gewerbegebiet Clausen,no,100,asphalt,903700
Parkstraße,yes,30,asphalt,903809
Freiwillige Feuerwehr LÃ¶schzug Linde,no,30,asphalt,903885
Mirker Bach,yes,50,asphalt,904027
Friedrich-Engels-Allee,yes,30,asphalt,904028
Berliner Straße,yes,50,asphalt,904070
Hofkamp,yes,50,asphalt,904159
Neuenteich,yes,30,paved,904177
Shell,yes,50,asphalt,904229
Freund,yes,50,paved,904493
Hellerstraße,yes,50,asphalt,904586
Wupper,,100,asphalt,904648
Neuenteich,yes,10,paved,904707
Höhne,yes,50,asphalt,904841
Hofkamp,yes,50,asphalt,904903
Märkische Straße,yes,50,paving_stones,904997
,no,120,,905023
Friedrich-Engels-Allee,yes,50,asphalt,905104
Fancy Foods,yes,50,asphalt,905129
Wilhelmring,yes,50,asphalt,905131
,no,signals,asphalt,905248
Morianstraße,yes,50,asphalt,905308
Schönebecker Straße,yes,10,asphalt,905452
Friedrich-Engels-Allee,yes,50,asphalt,905524
Obere Lichtenplatzer StraÃŸe,,50,asphalt,905530
Freudenberger Straße,yes,50,asphalt,905534
,no,none,asphalt,905576
Loher Straße,yes,30,asphalt,905595
Friedrich-Ebert-Straße,yes,50,asphalt,905659
Nützenberger Straße,no,100,asphalt,905781
Hochstraße,yes,30,asphalt,905796
Rutenbeck,,80,asphalt,905873
Mirker Bach,yes,30,asphalt,905934
Hatzenbeck,yes,30,asphalt,905955
,no,120,,906049
Ehemalige Bahnstrecke Loh-Hatzfeld,,50,asphalt,906210
Nützenberger Straße,yes,50,asphalt,906254
Hütte,yes,50,asphalt,906262
Shell,yes,50,asphalt,906266
,no,100,asphalt,906298
Berliner Straße,yes,50,asphalt,906397
Friedrich-Engels-Allee,yes,50,asphalt,906442
Briller Bach,no,50,asphalt,906486
Horather Straße,,50,asphalt,906653
Briller Bach,yes,50,asphalt,906805
Friedrich-Engels-Allee,yes,50,asphalt,906848
Mirker Bach,yes,30,asphalt,907088
Langerfelder Straße,,30,asphalt,907119
Am Engelnberg,yes,50,asphalt,907122
Friedrich-Engels-Allee,yes,50,asphalt,907168
Steinweg,yes,50,asphalt,907245
Hauptstraße,yes,30,asphalt,907260
PENNY,yes,50,asphalt,907269
Troja Cafe & Restaurant,yes,50,paving_stones,907327
Pestalozzistraße,yes,50,asphalt,907392
Oberbarmen Bahnhof,yes,50,asphalt,907480
Wupperbrücke,yes,50,asphalt,907647
Waldeckstraße,yes,50,asphalt,907697
Obere Lichtenplatzer Straße,no,50,asphalt,907733
KGV Sonnenbad-NÃ¼llerkopp,no,100,asphalt,907764
Uellendahler Straße,yes,50,asphalt,907791
Untere Lichtenplatzer Straße,yes,50,asphalt,907805
Untere Lichtenplatzer Straße,yes,50,asphalt,907853
Grundschule Sillerstraße,no,100,asphalt,907916
RWE 4561 Opladen - Ronsdorf,,,asphalt,907973
Friedrich-Ebert-Straße,yes,50,asphalt,908031
Kleinenhammer,yes,50,asphalt,908308
Berliner StraÃŸe,yes,50,asphalt,908393
Opphofer Straße,no,signals,asphalt,908441
Loher Straße,yes,50,asphalt,908515
Hauptstraße,yes,50,asphalt,908544
Friedrich-Ebert-Straße,yes,50,asphalt,908708
Staubenthaler Straße,yes,DE:urban,asphalt,908743
Städtische Tageseinrichtung für Kinder Hauptstraße,yes,30,asphalt,908754
Kaiserstraße,yes,50,asphalt,908853
Briller Bach,yes,50,asphalt,908866
Hatzenbeck,yes,50,paved,908868
Alter Markt,yes,10,asphalt,909000
Smart Tec Campus,yes,70,asphalt,909132
Westfalenweg,yes,50,asphalt,909211
Shell,yes,50,asphalt,909367
Gildenstraße,yes,50,asphalt,909373
Loher Straße,yes,30,asphalt,909405
Villa Bayer,yes,50,asphalt,909451
Diedenhofer Straße,yes,50,paving_stones,909461
Höfen,yes,50,asphalt,909469
Wupper Küchen,yes,50,asphalt,909473
Sparkasse Wuppertal,yes,50,asphalt,909526
Lüttringhauser Straße,yes,50,asphalt,909555
Waldeckstraße,yes,50,asphalt,909644
Rott,yes,30,asphalt,909654
,no,80,asphalt,909751
Hofkamp,yes,50,asphalt,909770
Ehrenberger Bach,,70,asphalt,909938
Lebenshilfe,yes,50,asphalt,909949
Langobardenstraße,yes,50,asphalt,910064
Hans-Böckler-Straße,yes,30,asphalt,910094
,no,signals,asphalt,910196
Rudolfstraße,yes,50,asphalt,910225
Kaiserstraße,,30,asphalt,910297
Land in Sonne,no,signals,asphalt,910456
Langobardenstraße,yes,30,asphalt,910508
Friedrich-Ebert-Straße,yes,50,asphalt,910646
,no,signals,asphalt,910727
Dillenburg,yes,50,asphalt,910746
Flutgraben,yes,50,asphalt,910783
SDE 21/22 Solar Decathlon Campus,yes,50,asphalt,910826
Kaiserstraße,,50,asphalt,910831
Berliner Straße,yes,50,asphalt,910907
,no,100,,910954
Friedrich-Engels-Allee,yes,50,asphalt,910979
Hofkamp,yes,50,asphalt,910981
Ronsdorfer Straße,,50,asphalt,911138
Höhenstraße,yes,30,,911140
Hatzenbeck,yes,30,asphalt,911274
Pestalozzistraße,yes,50,asphalt,911390
380kV Leichlingen Ost+Dauersberg Ost,no,100,asphalt,911471
Nevigeser Straße,yes,50,asphalt,911486
,no,none,asphalt,911492
Concordienstraße/Rathaus,yes,50,asphalt,911633
Gathe,yes,50,asphalt,911686
Uellendahler Straße,yes,50,asphalt,911693
Schuhcenter Siemes,yes,40,asphalt,911756
Friedrich-Engels-Allee,yes,50,asphalt,911811
Mirker Bach,yes,50,asphalt,911828
Solinger Straße,,30,paved,911910
Gathe,yes,50,asphalt,912121
Werbsiepen,no,none,asphalt,912133
Hofkamp,yes,30,asphalt,912222
Gewerbegebiet Clausen,no,signals,asphalt,912269
Linde,no,60,asphalt,912368
Berliner Straße,yes,50,asphalt,912374
Briller Bach,yes,50,asphalt,912453
Heckinghauser Straße,yes,50,asphalt,912478
,no,none,asphalt,912490
,no,80,,912514
,no,100,asphalt,912523
KGV Land in Sonne,no,signals,asphalt,912863
Oberblombach,no,none,asphalt,912870
Bundesallee,yes,50,asphalt,913011
Friedrich-Ebert-Straße,yes,30,asphalt,913394
Berliner Straße,yes,50,asphalt,913457
Clausen,no,signals,asphalt,913522
Uellendahler Straße,yes,50,asphalt,913544
Neuenteich,yes,10,paved,913545
Dionisos,yes,50,asphalt,913608
Am Engelnberg,yes,50,asphalt,913727
DÃ¼sseldorfer StraÃŸe,no,70,asphalt,913812
Einern,,50,paving_stones,913961
Bundesallee,yes,50,asphalt,914070
vierwändewerk,yes,50,asphalt,914093
Nüller Bach,yes,40,asphalt,914105
Staubenthaler Straße,yes,DE:urban,asphalt,914224
Hofkamp,yes,30,asphalt,914299
Mühlengraben,yes,50,asphalt,914392
Friedrich-Ebert-Straße,yes,50,asphalt,914502
Eichenhofer Weg,yes,30,asphalt,914607
Clausenstraße,no,signals,asphalt,914636
Viehhofstraße,yes,50,asphalt,914660
Hochstraße,yes,30,asphalt,914828
Düsseldorfer Straße,,,asphalt,914982
Sonnborner Eisenbahnbrücke,yes,50,asphalt,914989
Mirker Bach,yes,50,sett,914994
Am Dorrenberg,yes,50,asphalt,915156
Ostersbaum,yes,30,asphalt,915250
Briller Bach,yes,50,asphalt,915275
Wahlert,,100,asphalt,915278
Schmiedestraße,yes,50,asphalt,915385
Autoverwertung Heinz Lusch GmbH & Co. KG,no,50,paving_stones,915411
Märkische Straße,yes,30,asphalt,915643
Ostersbaum,yes,30,asphalt,915647
Hammersteiner Bach,no,100,asphalt,915799
Gewerbegebiet Clausen,no,signals,asphalt,915884
Märkische Straße,yes,50,paving_stones,915936
In der Mirke,yes,50,asphalt,916227
Parkstraße,yes,70,asphalt,916250
Friedrich-Engels-Allee,yes,50,asphalt,916632
Höhne,yes,50,paving_stones,916664
Parkstraße,yes,30,asphalt,916666
Mirker Bach,yes,50,asphalt,916669
Düsseldorfer Straße,yes,50,asphalt,916674
Gesellschaftshaus Union,yes,50,asphalt,916731
Cigkoftem,yes,50,asphalt,916739
,no,signals,asphalt,916789
Küpper Brauerei,yes,50,asphalt,916921
Freund,yes,50,paved,916964
Uellendahler Straße,yes,50,asphalt,917176
Hochstraße,yes,30,asphalt,917181
Tannenbergstraße,yes,30,asphalt,917351
Schwebebahn,yes,30,sett,917437
Cronenberger StraÃŸe,,30,asphalt,917457
Friedrich-Engels-Allee,yes,50,asphalt,917537
,no,none,asphalt,917588
Mühlengraben,yes,50,asphalt,917642
Briller Bach,yes,40,asphalt,917674
,no,100,asphalt,917772
Petrus-Krankenhaus,yes,30,asphalt,917856
,no,100,asphalt,918049
Öhder Straße,yes,50,asphalt,918075
Gemeinschaftsgrundschule Reichsgrafenstraße,yes,50,asphalt,918279
Obere Lichtenplatzer Straße,yes,50,asphalt,918327
Marienstraße,yes,30,asphalt,918415
Kaiserstraße,,30,asphalt,918639
Wahlert,,100,asphalt,918754
Wüstenhofer Straße,no,signals,asphalt,918949
Hans-Böckler-Straße,yes,30,asphalt,918973
Uellendahler Straße,yes,50,asphalt,919027
Hofkamp,yes,50,asphalt,919095
Gaststätte,yes,50,asphalt,919343
Bahnstraße,,50,asphalt,919359
Vohwinkeler Straße,no,50,ground,919375
Friedrich-Engels-Allee,yes,50,asphalt,919497
Wanderparkplatz Wahlert,,100,asphalt,919513
Carnaper Straße,yes,50,asphalt,919532
Linde,no,120,asphalt,919563
Wettinerstraße,yes,50,asphalt,919806
Leibuschstraße,yes,50,asphalt,919822
Friedrich-Engels-Allee,yes,50,asphalt,919917
Bachstraße,yes,50,asphalt,920063
,no,signals,asphalt,920086
Obere Lichtenplatzer Straße,yes,50,paved,920087
SC Sonnborn 07,yes,50,asphalt,920169
Hatzfelder Straße,,50,asphalt,920254
Klingelholl,yes,50,asphalt,920268
Schwebebahn,yes,50,asphalt,920353
Berliner Straße,yes,50,asphalt,920369
Bundesallee,yes,50,asphalt,920535
Buchenstraße,yes,50,asphalt,920594
Leimbach,no,100,asphalt,920612
Berliner Straße,yes,50,asphalt,920629
Hofkamp,yes,50,asphalt,920719
Certoplast,yes,30,asphalt,920782
Gartensiedlung Im Springen e.V.,,50,asphalt,920795
,no,signals,asphalt,920813
Berliner Straße,yes,50,asphalt,920830
Briller Bach,yes,30,asphalt,920892
Friedrich-Ebert-Straße,yes,50,asphalt,920893
,no,80,ground,920905
Graben,,30,asphalt,920992
Wichlinghauser Straße,yes,50,asphalt,921026
Einern,,50,asphalt,921069
Nevigeser Straße,yes,50,asphalt,921097
Procar,yes,30,asphalt,921121
,no,signals,asphalt,921146
Schmiedestraße,no,50,asphalt,921162
Friedrich-Engels-Allee,yes,50,asphalt,921206
Märkische Straße,yes,50,asphalt,921229
Hochstraße,yes,30,asphalt,921234
Hofkamp,yes,50,asphalt,921237
,no,100,asphalt,921253
,no,100,,921254
,no,signals,asphalt,921312
Nevigeser Straße,yes,50,asphalt,921361
Hans-Böckler-Straße,yes,50,asphalt,921362
Wahlert,,100,asphalt,921592
,no,100,asphalt,921756
Blumen Risse,yes,50,asphalt,921869
Berliner Straße,yes,50,asphalt,922012
Auf der Bleiche,yes,50,asphalt,922171
Staubenthaler Straße,yes,DE:urban,asphalt,922179
Staubenthaler Straße,yes,DE:urban,asphalt,922182
Neuenteich,yes,50,asphalt,922185
Hofkamp,yes,50,asphalt,922189
Wilhelmring,yes,50,asphalt,922197
,no,100,asphalt,922207
Mitarbeiter Feuerwache,no,100,concrete,922208
Einern,,50,paving_stones,922328
Nordstraße,yes,30,asphalt,922331
Hatzenbeck,yes,50,paved,922332
Schützenstraße,yes,30,asphalt,922343
Schölgenallee,yes,50,asphalt,922347
Carnaper Straße,yes,50,asphalt,922480
Gathe,yes,50,asphalt,922481
Hofkamp,yes,50,asphalt,922682
Underground,yes,50,asphalt,922683
Bundesallee,yes,50,asphalt,922716
Alter Markt,yes,50,paving_stones,922846
Heckinghauser Straße,yes,30,asphalt,922848
Immermannstraße,yes,50,asphalt,922849
Untere Lichtenplatzer Straße,yes,50,asphalt,923290
Procar,yes,30,asphalt,923291
,no,100,asphalt,923307
Hochstraße,yes,50,asphalt,923412
Beyenburger Straße,,70,asphalt,923414
Hatzfelder Straße,no,signals,asphalt,923445
,no,100,asphalt,923520
Westkotter Straße,yes,40,asphalt,923575
Friedrich-Engels-Allee,yes,50,asphalt,923605
Werbsiepen,,100,asphalt,923607
Märkische Straße,yes,50,asphalt,923643
Friedrich-Engels-Allee,yes,50,asphalt,923651
Turnstraße,yes,50,asphalt,923661
Oberbergische Straße,yes,50,paved,923683
Talstraße,yes,30,asphalt,923693
Hofkamp,yes,50,asphalt,923704
Lüttringhauser Straße,yes,30,asphalt,923775
Berliner Straße,yes,50,asphalt,923804
,no,100,asphalt,923888
Mirker Bach,yes,50,asphalt,923929
Briller Bach,no,signals,asphalt,924064
,,90,,924072
Oberbergische Straße,yes,50,asphalt,924142
Berliner Straße,yes,50,asphalt,924157
Yale-Allee,yes,50,asphalt,924169
Fischertal,yes,50,asphalt,924191
Werbsiepen,,60,asphalt,924200
Hochstraße,yes,30,asphalt,924204
NÃ¼tzenberger StraÃŸe,no,signals,asphalt,924335
Dahler Straße,,50,asphalt,924416
Kasinostraße,yes,30,asphalt,924467
Hatzfelder Straße,no,signals,asphalt,924521
Friedrich-Engels-Allee,yes,50,asphalt,924654
Obere Lichtenplatzer StraÃŸe,yes,50,asphalt,924657
PENNY,yes,30,asphalt,924658
Friedrich-Engels-Allee,yes,30,asphalt,924703
Kaiserstraße,,30,asphalt,924723
Hatzfelder Straße,yes,50,asphalt,924764
Düsseldorfer Straße,,50,asphalt,924812
Mollenkotten,,50,,924839
Berliner Straße,yes,50,asphalt,924934
Wasserstraße,yes,50,asphalt,924964
Briller Bach,yes,50,asphalt,924992
Kipdorf,yes,50,paving_stones,924994
Tannenbergstraße,yes,30,asphalt,925043
Fischertal,yes,50,asphalt,925155
Hastener Straße,,30,asphalt,925177
,no,signals,asphalt,925251
PENNY,yes,50,asphalt,925306
Wupperstraße,yes,50,asphalt,925424
Dahler Straße,,50,asphalt,925484
Schmiedestraße,yes,50,asphalt,925489
Haararena,yes,30,asphalt,925512
Düsseldorfer Straße,yes,30,asphalt,925543
Landgericht,yes,50,asphalt,925563
Klingelholl,yes,30,asphalt,925709
Berliner Straße,yes,30,asphalt,925860
,no,signals,asphalt,925887
Höfen,yes,50,asphalt,925931
Hans-Dietrich-Genscher-Platz,yes,50,asphalt,926218
Friedrichshöhe,yes,DE:urban,asphalt,926223
Tannenbergstraße,yes,30,asphalt,926227
Kaiserstraße,yes,50,asphalt,926229
Friedrich-Engels-Allee,yes,50,asphalt,926327
Breslauer Straße,yes,50,asphalt,926331
Heckinghauser Straße,yes,30,asphalt,926335
Hahnerberger Straße,no,30,compacted,926342
Underground,yes,50,asphalt,926346
Bundesallee,yes,50,asphalt,926358
Krummacherstraße,yes,50,asphalt,926375
Rott,yes,30,asphalt,926404
In der Heye,no,60,asphalt,926417
Hochstraße,yes,30,asphalt,926669
Kaiserstraße,yes,50,asphalt,926733
Briller Bach,yes,30,paving_stones,926747
Ostersbaum,yes,50,asphalt,926823
Loher Bahnhof,yes,30,asphalt,927076
Yale-Allee,yes,50,asphalt,927257
Deweerthstraße,yes,50,asphalt,927329
Kaiserstraße,,50,asphalt,927361
Osterholzer StraÃŸe,,,paving_stones,927612
Zur Waldkampfbahn,yes,30,asphalt,927663
Schwebebahn,,50,asphalt,927799
Mirker Bach,yes,30,asphalt,927887
,no,80,,927933
Briller Bach,no,100,asphalt,927934
Briller Bach,no,50,asphalt,927993
Schliepershäuschen,yes,50,asphalt,928104
Küpperstraße,yes,60,paving_stones,928123
Kaiserstraße,,50,asphalt,928294
Parkplatz Nordpark P2,no,100,asphalt,928341
Nevigeser StraÃŸe,no,30,asphalt,928382
Fischertal,yes,50,asphalt,928467
Berliner Straße,yes,30,asphalt,928468
Gathe,yes,50,asphalt,928469
Westkotter Straße,yes,30,asphalt,928695
Briller Bach,yes,40,asphalt,928696
Kaiserstraße,yes,50,asphalt,928729
Hahnerberger Straße,yes,50,asphalt,928879
Wupperfeld,yes,50,asphalt,928897
Obere Lichtenplatzer Straße,yes,50,asphalt,928905
Hahnerberger Straße,yes,50,asphalt,928993
Sophienstraße,yes,50,asphalt,928994
Hofkamp,yes,50,asphalt,928995
Otto-Hausmann-Ring,no,100,asphalt,929043
Langerfelder Straße,yes,60,asphalt,929084
Düsseldorfer Straße,,50,asphalt,929148
Cronenberger Straße,,50,asphalt,929210
Cinema,yes,50,asphalt,929235
Bundesallee,yes,50,asphalt,929297
metaq,yes,50,asphalt,929308
Deutscher Ring,yes,50,asphalt,929387
Hohenhager Bachtal und Umgebung,,50,asphalt,929449
Bachstraße,yes,50,asphalt,929455
Friedrich-Engels-Allee,yes,50,asphalt,929458
Gathe,yes,50,asphalt,929554
Schönebecker Straße,yes,50,asphalt,929559
Obere Lichtenplatzer Straße,yes,50,asphalt,929563
,no,signals,asphalt,929568
Riedel Technologiepark,no,50,paving_stones,929594
,no,100,asphalt,929619
Gathe,yes,50,asphalt,929638
Friedrich-Engels-Allee,yes,30,sett,929659
Parkplatz Landgericht P2,yes,50,asphalt,929725
Kirchgarten Gräfrather Str.,yes,50,asphalt,929804
Wilhelmring,yes,50,asphalt,929874
Dionisos,yes,50,asphalt,929884
Uellendahler Straße,,50,asphalt,929885
Fischertal,yes,50,asphalt,930066
Shell,no,signals,asphalt,930149
Beyenburger Straße,,70,asphalt,930225
Waldeckstraße,yes,50,asphalt,930333
,no,100,asphalt,930367
Heidter Berg,yes,50,asphalt,930419
In den Birken,yes,50,asphalt,930530
Haspeler Brücke,yes,50,asphalt,930607
Mirker Bach,yes,50,asphalt,930614
Friedrich-Engels-Allee,yes,50,asphalt,930695
Carnaper Straße,yes,40,paving_stones,930727
Heckinghauser Straße,yes,50,asphalt,930733
Nützenberger Straße,yes,30,asphalt,1028003
Institut ASER e.V.,,30,asphalt,1028073
Bayer-Platz,yes,50,asphalt,1028106
Bendahler Straße,yes,50,asphalt,1028123
Ritterstraße,yes,50,asphalt,1028377
Bundesallee,yes,50,asphalt,1028414
Kaufmännische Schulen Ost (Berufskolleg Barmen Europaschule),yes,50,asphalt,1028559
Oberer Grifflenberg,yes,50,asphalt,1028588
Greenpeace Wuppertal,yes,30,paving_stones,1028608
Adlerstraße,yes,30,asphalt,1028894
Werth,yes,,paving_stones,1029106
Hartmannufer,yes,50,asphalt,1029109
Ulle-Hees-Schule,,30,asphalt,1029190
Ziegelstraße,yes,30,asphalt,1029231
Schützenstraße,yes,30,asphalt,1029261
Albert-Einstein-Straße,yes,50,asphalt,1029282
Freiwillige Feuerwehr Wuppertal - Löschzug Sonnborn,yes,30,asphalt,1029301
Flüss Werkzeugbau,yes,50,asphalt,1029393
Werléstraße,yes,50,asphalt,1029394
Kleingartenverein Bouterwekstraße,yes,30,asphalt,1029395
Steinbecker Meile,yes,50,asphalt,1029406
Kaiserstraße,yes,50,asphalt,1029441
Schwebebahn,yes,50,asphalt,1029527
Mäuerchen,yes,30,asphalt,1029528
Westring,,50,asphalt,1029533
Lidl,yes,50,asphalt,1029687
Tannenstraße,yes,30,asphalt,1029758
Sedanstraße,yes,30,asphalt,1029792
Ausblick,yes,30,asphalt,1029793
Nützenberger Straße,yes,50,asphalt,1029932
Rott,yes,30,paved,1030023
Dönberger Straße,yes,50,paved,1030072
Feuer- und Rettungswache 2,yes,50,paving_stones,1030077
Theishahner Straße,yes,80,asphalt,1030117
Düsseldorfer Straße,yes,30,asphalt,1030142
Islamische Gemeinde Wuppertal e.V.,yes,50,asphalt,1030152
Städt. Kindertagesstätte Ackerstraße,yes,,asphalt,1030175
Klingelholl,yes,30,asphalt,1030229
Hatzfelder Straße,,50,asphalt,1030293
Schwarzbachviadukt,yes,30,asphalt,1030295
Kuchhauser Straße,yes,30,asphalt,1030296
Friedrich-Engels-Allee,yes,50,asphalt,1030402
Kleingartenverein Am Beuler-Bach e.V.,yes,50,asphalt,1030472
Schwelme,yes,160,asphalt,1030490
Adersstraße,yes,30,asphalt,1030722
Malzstraße,yes,50,asphalt,1030774
Westring,,50,asphalt,1030815
Kleeblatt,yes,30,asphalt,1030861
Deutsch - Französischer Kindergarten,yes,30,asphalt,1030864
Sternstraße,yes,30,asphalt,1031118
Wichlinghauser Straße,yes,30,asphalt,1031144
Rott-Tunnel,yes,30,asphalt,1031208
Kothener Schulstraße,yes,,asphalt,1031211
Weidenstraße,yes,30,asphalt,1031348
ZandershÃ¶fe,yes,30,asphalt,1031365
Gärtnerei Pieper,yes,50,asphalt,1031411
Buchenstraße,yes,50,asphalt,1031577
Küllenhahner Straße,,30,,1031581
Marienstraße,yes,30,asphalt,1031662
Allensteiner Straße,yes,50,asphalt,1031712
Saarschleife,yes,50,asphalt,1031790
Kaiserstraße,,30,asphalt,1031896
Wettinerstraße,yes,50,asphalt,1031898
Kasinostraße,yes,50,asphalt,1031901
Spieckern,,30,asphalt,1031956
Friedrich-Engels-Allee,yes,30,asphalt,1031990
Stellfächenvermietung,,50,asphalt,1031992
Ehrenhainstraße,yes,50,asphalt,1032032
Jägerhofstraße,yes,50,asphalt,1032076
Lilienstraße,yes,30,asphalt,1032107
Viktoriastraße,yes,50,asphalt,1032368
Friedrichstraße,yes,20,paving_stones,1032471
Wittelsbacherstraße,yes,30,asphalt,1032577
Hindenburgstraße,no,,asphalt,1032583
Jägerhofstraße,yes,50,paving_stones,1032600
Kaufmännische Schulen Ost (Berufskolleg Barmen Europaschule),yes,50,asphalt,1032639
Werléstraße,yes,30,asphalt,1032640
Barmer Bahnhofs-Bistro,yes,50,asphalt,1032680
Wupper,,30,,1032734
Marscheider Bachtal,,,asphalt,1032748
Schwelmestollen,yes,,asphalt,1032838
110kV Lennep Ost,yes,50,asphalt,1032871
Rödiger Straße,yes,30,grass_paver,1032885
Oberwall,yes,30,asphalt,1032986
Luisenstraße,yes,50,asphalt,1033073
Homannstraße,,30,asphalt,1033267
Mondstraße,,30,asphalt,1033269
Varresbecker Straße,yes,50,asphalt,1033279
Grundschule am Hombüchel,yes,30,asphalt,1033387
Joseph-Haydn-Straße,yes,30,asphalt,1033394
Grafenstraße,yes,30,asphalt,1033543
Sonnborner Straße,yes,30,asphalt,1033545
Engelnbergtreppe,yes,30,asphalt,1033547
Briller Bach,yes,30,asphalt,1033720
Kaiserstraße,,30,asphalt,1033793
Windthorststraße,yes,30,asphalt,1033829
Gellertweg,,,,1033879
Wichlinghauser Markt,yes,50,asphalt,1033882
Bayer,yes,50,asphalt,1033924
Rott-Tunnel,yes,30,asphalt,1033929
Seifenstraße,yes,30,asphalt,1033930
Barbarastraße,,30,,1033933
Jägerhofstraße,yes,50,asphalt,1033938
Fingscheid,yes,100,asphalt,1034006
Wettinerstraße,yes,50,asphalt,1034065
Wanderparkplatz Pumpenhaus,,30,asphalt,1034206
BG BAU,yes,30,asphalt,1034299
Wilhelm-Hedtmann-Straße,yes,30,asphalt,1034355
Weberstraße,yes,30,asphalt,1034356
Eisenbahnbrücke Rauental,,30,asphalt,1034386
Bundesallee,yes,50,asphalt,1034389
Sedanstraße,yes,30,asphalt,1034511
Kirchplatz,yes,,sett,1034687
Netto Marken-Discount,yes,30,paving_stones,1034792
Mühlengraben,yes,30,asphalt,1034799
Nächstebrecker Straße,no,50,paving_stones,1034901
Sternpunkt,,,,1034937
Briller Bach,yes,50,asphalt,1034995
Paul-Gerhardt-Straße,,50,asphalt,1035040
Hagenauer Straße,yes,30,asphalt,1035042
Zunftstraße,yes,50,asphalt,1035222
Wittensteinstraße,yes,50,asphalt,1035328
Kirche der Heiligen Mutter Gottes,yes,,asphalt,1035378
Bartholomäusstraße,yes,30,asphalt,1035571
Pfalzgrafenstraße,yes,30,asphalt,1035656
Blaffertsberg,,,,1035658
Seifenstraße,yes,30,asphalt,1035662
Erbschlöer Straße,yes,30,asphalt,1035753
Sportplatz Grundstraße,,30,asphalt,1035869
Erich-Fried-Gesamtschule,yes,30,asphalt,1035874
Jung-Stilling-Weg,,50,asphalt,1035910
Tannenstraße,yes,30,asphalt,1035990
Neuenteich,yes,50,asphalt,1035991
Rott-Tunnel,yes,30,asphalt,1036001
Parkplatz Kleingartenanlage,yes,50,paved,1036128
Bendahler Straße,yes,90,asphalt,1036129
BG BAU,yes,50,asphalt,1036244
An der alten Strecke,yes,30,asphalt,1036300
Albertstraße,yes,100,asphalt,1036328
Auto Ludorf,yes,30,,1036353
Hatzfelder Straße,no,100,asphalt,1036460
Berghauser Straße,,50,asphalt,1036489
Uellenberg-Park,yes,30,asphalt,1036549
Bogenstraße,yes,30,asphalt,1036698
Hochstraße,yes,30,asphalt,1036778
Alter Markt,yes,30,asphalt,1036781
Marienstraße,yes,30,asphalt,1036829
Nüller Straße,yes,30,asphalt,1036882
Lederstraße,yes,30,asphalt,1036918
Liegnitzer Straße,,30,asphalt,1036931
Falkenhaynstraße,,30,asphalt,1036935
Viktoriastraße,yes,30,asphalt,1037018
Brändströmstraße,yes,100,asphalt,1037136
Schellenbeck,yes,30,paved,1037259
Lichtscheider Straße,,70,asphalt,1037274
Emilienstraße,yes,50,asphalt,1037301
Bendahler Straße,yes,50,asphalt,1037440
Albertstraße,yes,30,asphalt,1037456
Emilienstraße,yes,50,asphalt,1037487
Gewerbegebiet Sonnborn,no,60,asphalt,1037500
Unterdörnen,yes,10,paving_stones,1037514
Ausblick,,30,,1037608
Roßkamper Straße,,,,1037669
Ittertaler Straße,yes,30,asphalt,1037715
Bergische Volkshochschule,yes,30,asphalt,1037791
Pfarrhaus,,30,asphalt,1037846
Opphofer Straße,yes,50,asphalt,1037898
Landwehrplatz,yes,30,asphalt,1037906
Am Dorrenberg,yes,50,asphalt,1037965
Görlitzer Platz,yes,30,asphalt,1038005
Erich-vom-Baur-Treppe,yes,30,paved,1038036
Krankenhaus St. Josef,yes,30,asphalt,1038182
Bendahler Straße,yes,50,asphalt,1038216
Kleiner Werth,yes,30,asphalt,1038284
Mirker Bach,yes,20,asphalt,1038285
BG Bau,yes,50,asphalt,1038371
Fuchsstraße,yes,50,asphalt,1038386
Kleeblatt,yes,30,asphalt,1038396
Charlottenstraße,,,asphalt,1038527
Troja Cafe & Restaurant,yes,,paving_stones,1038778
Hünefeldstraße,yes,50,asphalt,1038841
Ziegelstraße,,,asphalt,1038846
Berufskolleg KohlstraÃŸe,yes,30,asphalt,1038885
Jung-Stilling-Weg,,50,asphalt,1038956
Allensteiner Straße,yes,50,asphalt,1039275
Markomannenstraße,yes,30,asphalt,1039312
Florabach,yes,50,asphalt,1039346
Mäuerchen,yes,50,asphalt,1039347
Nüller Bach,yes,30,,1039424
Höhenstraße,yes,30,,1039427
Fahrschule Habbecke,yes,50,asphalt,1039477
Hans-Böckler-Straße,yes,50,asphalt,1039515
Völklinger Straße,yes,50,asphalt,1039579
Roßkamper Straße,,50,asphalt,1039633
Oberheidt,,,asphalt,1039752
Fuhlrottstraße,,30,asphalt,1039788
Luhnsfelder Höhe,yes,30,asphalt,1039929
Windhukstraße,,30,asphalt,1039946
Birkenhöhe,,50,,1040037
Carnapsplatz,yes,30,asphalt,1040039
Zur Schafbrücke,yes,50,sett,1040078
Utopiastadt Campus,yes,30,asphalt,1040080
Bredde,,10,paving_stonse,1040311
Franzenstraße,yes,30,asphalt,1040333
Auf der Bleiche,yes,30,asphalt,1040336
Langerfelder Straße,yes,30,asphalt,1040426
Jesinghauser Straße,yes,30,asphalt,1040430
DHL Paketzentrum,,,,1040472
Schwarzbach,yes,50,asphalt,1040494
Nützenberger Straße,yes,50,asphalt,1040678
Horather Schanze,,50,asphalt,1040757
Seniorenzentrum Lutherstift,yes,30,asphalt,1040824
Vohwinkeler Feld,,50,paving_stones,1040911
Weiherstraße,yes,50,,1040993
Friedrich-Engels-Allee,yes,50,asphalt,1041019
Brüningstraße,yes,50,asphalt,1041123
Germanenstraße,yes,30,asphalt,1041260
Briller Bach,yes,30,asphalt,1041384
Kultur Kindergarten,yes,30,asphalt,1041435
Procar,yes,30,asphalt,1041459
Ehrenhainstraße,,30,asphalt,1041539
Kipdorf,yes,50,asphalt,1041566
Wuppertaler Hof,yes,50,asphalt,1041699
Kasinostraße,yes,30,asphalt,1041708
Carl-Schurz-Straße,,20,asphalt,1041788
Jasminweg,yes,30,asphalt,1041790
Völklinger Straße,yes,50,asphalt,1042210
Westring,,30,concrete,1042270
Augustastraße,yes,50,asphalt,1042359
Otto-Hausmann-Ring,yes,30,asphalt,1042365
Islamische Gemeinde Wuppertal e.V.,yes,50,asphalt,1042375
Dürer-Haus,yes,50,asphalt,1042408
Weyerbuschweg,no,30,compacted,1042410
Sanderstraße,yes,30,,1042420
Aral,,50,asphalt,1042426
Grüner Laden,yes,50,asphalt,1042429
Arminiusstraße,yes,30,asphalt,1042798
Karlstraße,yes,50,sett,1042805
VAN-Parkhaus,,50,asphalt,1042959
Saarschleife,yes,50,asphalt,1043007
Kindertagesstätte Engelbert-Wüster-Weg,yes,,asphalt,1043047
Schwarzbach,yes,50,asphalt,1043097
Theodorstraße,yes,30,,1043103
Am Friedenshain,yes,30,paved,1043106
Bahnhofstraße,yes,50,asphalt,1043114
Alter Markt,yes,30,paving_stones,1043174
Kohlenstraße,,50,asphalt,1043208
Hackestraße,,50,asphalt,1043210
Stresemannstraße,yes,,asphalt,1043235
Jesinghauser Straße,no,70,asphalt,1043303
Siegesstraße,yes,50,asphalt,1043333
Bundesallee,yes,50,asphalt,1043411
Handelstraße,yes,50,asphalt,1043413
Seniorenzentrum Lutherstift,yes,30,asphalt,1043452
Siegesstraße,yes,100,asphalt,1043709
POCO Auslieferungslager,,50,asphalt,1043864
Achterbergweg,,50,asphalt,1043898
Norwegisches Holzhaus,,50,asphalt,1043992
Teschensudberger Straße,,30,asphalt,1044083
Gernotstraße,yes,30,asphalt,1044092
Samoastraße,yes,30,asphalt,1044365
Sternstraße,yes,30,asphalt,1044367
Barmer Straße,,30,asphalt,1044371
Evangelische Altenwohnstätte Zeughausstraße,yes,50,asphalt,1044405
Forsthaus,yes,50,asphalt,1044499
Elbersstraße,yes,30,asphalt,1044628
Nordstraße,yes,30,asphalt,1044647
Holzer Bach,yes,30,asphalt,1044671
Westring,,50,asphalt,1044783
Beckmannshof,yes,30,asphalt,1044854
Gesamtschule Langerfeld,,30,,1044871
Leyerbach,yes,30,asphalt,1044960
Kleingartenverein Winchenbachstraße,,,,1045200
PENNY,yes,30,asphalt,1045201
Gildenstraße,,30,asphalt,1045250
Mühlengraben,yes,30,asphalt,1045650
Höhe,,30,asphalt,1045671
Sandhof,yes,50,asphalt,1045800
Zandershöfe,yes,30,asphalt,1045810
Katec Karosserietechnik,yes,30,asphalt,1045837
Humboldtstraße,yes,30,asphalt,1045903
Brose Schließsysteme,,,asphalt,1045914
Am Raukamp,,50,,1045943
Tannenbergstraße,yes,30,asphalt,1045980
Schwelmestollen,yes,,asphalt,1045990
Paul-Gerhardt-Straße,,50,asphalt,1046015
Kasinostraße,yes,30,asphalt,1046073
Untere Lichtenplatzer Straße,yes,50,asphalt,1046093
Spiekerstraße,yes,50,asphalt,1046259
Eichenstraße,yes,30,asphalt,1046284
Hatzfelder Straße,,,asphalt,1046625
Wettinerstraße,yes,30,asphalt,1046734
Haspeler Schulstraße,yes,30,asphalt,1046780
In der Krim,,30,,1046792
August-Jung-Weg,yes,30,asphalt,1046815
Am Raukamp,,50,,1046919
Städtische Gemeinschaftsgrundschule Yorckstraße,yes,50,asphalt,1047006
Samoastraße,yes,30,asphalt,1047269
Städtisches Gymnasium Sedanstraße,yes,30,asphalt,1047324
Mirker Bach,yes,50,asphalt,1047395
Christuskirche Barmen,yes,30,asphalt,1047465
Sillerstraße,yes,30,asphalt,1047564
Kasinostraße,yes,30,asphalt,1047582